Vanilla KNN,Vanilla CNN,Vanilla MLP,Residual PCR,Vanilla LM,Residual MLP,Residual KNN
0.23584474623203278,0.20070892572402954,0.13105542957782745,0.09103510528802872,0.09101053327322006,0.09118492156267166,0.08761104196310043
0.22915397584438324,0.19820523262023926,0.13027822971343994,0.09077315777540207,0.09080398827791214,0.09054163843393326,0.08726325631141663
0.2353278547525406,0.20619194209575653,0.13132981956005096,0.09122277051210403,0.09122217446565628,0.09046703577041626,0.0876634493470192
0.23574987053871155,0.2036663293838501,0.1331903338432312,0.092499740421772,0.09249797463417053,0.09272637218236923,0.08900681883096695
0.22692058980464935,0.20684216916561127,0.1270180642604828,0.0880022794008255,0.08799538761377335,0.08742193132638931,0.08439671993255615
